Players,Team,Win,Lost,ERA,Games,GS,CG,SHO,Saves,SVO,IP,Hits,Runs,ER,HR,HB,BB,SO,WHIP,AVG,Year
Pedro Feliciano,NYM,3,6,3.30,92,0,0,0,0,1,62.2,66,24,23,1,6,30,56,1.53,.273,2010
Randy Choate,TB,4,3,4.23,85,0,0,0,0,2,44.2,41,23,21,3,3,17,40,1.30,.252,2010
Peter Moylan,ATL,6,2,2.97,85,0,0,0,1,4,63.2,53,24,21,5,2,37,52,1.41,.236,2010
Nick Masset,CIN,4,4,3.40,82,0,0,0,2,5,76.2,64,31,29,7,1,33,85,1.27,.226,2010
Luke Gregerson,SD,4,7,3.22,80,0,0,0,2,7,78.1,47,30,28,8,1,18,89,0.83,.170,2010
Sean Marshall,CHC,7,5,2.65,80,0,0,0,1,3,74.2,58,25,22,3,2,25,90,1.11,.210,2010
Brandon Lyon,HOU,6,6,3.12,79,0,0,0,20,22,78.0,68,28,27,2,3,31,54,1.27,.231,2010
Jonny Venters,ATL,4,4,1.95,79,0,0,0,1,5,83.0,61,30,18,1,8,39,93,1.20,.204,2010
Tyler Clippard,WSH,11,8,3.07,78,0,0,0,1,11,91.0,69,33,31,8,2,41,112,1.21,.212,2010
Javier Lopez,SF,4,2,2.34,77,0,0,0,0,0,57.2,50,17,15,2,2,20,38,1.21,.238,2010
Carlos Marmol,CHC,2,3,2.55,77,0,0,0,38,43,77.2,40,23,22,1,8,52,138,1.18,.147,2010
Matt Belisle,COL,7,5,2.93,76,0,0,0,1,2,92.0,84,34,30,7,2,16,91,1.09,.246,2010
Craig Breslow,OAK,4,4,3.01,75,0,0,0,5,7,74.2,53,26,25,9,0,29,71,1.10,.194,2010
Francisco Cordero,CIN,6,5,3.84,75,0,0,0,40,48,72.2,68,32,31,5,2,36,59,1.43,.246,2010
Matt Capps,MIN,5,3,2.47,74,0,0,0,42,48,73.0,75,27,20,6,0,17,59,1.26,.265,2010
Phil Coke,DET,7,5,3.76,74,1,0,0,2,4,64.2,67,29,27,2,4,26,53,1.44,.275,2010
Matt Guerrier,MIN,5,7,3.17,74,0,0,0,1,7,71.0,56,28,25,7,3,22,42,1.10,.219,2010
Daniel Bard,BOS,1,2,1.93,73,0,0,0,3,10,74.2,45,18,16,6,2,30,76,1.00,.176,2010
Sean Burnett,WSH,1,7,2.14,73,0,0,0,3,4,63.0,52,17,15,3,1,20,62,1.14,.220,2010
Joba Chamberlain,NYY,3,4,4.40,73,0,0,0,3,7,71.2,71,37,35,6,1,22,77,1.30,.253,2010
Rafael Betancourt,COL,5,1,3.61,72,0,0,0,1,5,62.1,52,25,25,9,0,8,89,0.96,.220,2010
Joel Hanrahan,PIT,4,1,3.62,72,0,0,0,6,10,69.2,58,28,28,6,4,26,100,1.21,.221,2010
Darren O'Day,TEX,6,2,2.03,72,0,0,0,0,2,62.0,43,15,14,5,5,12,45,0.89,.196,2010
Fernando Rodney,LAA,4,3,4.24,72,0,0,0,14,21,68.0,70,33,32,4,5,35,53,1.54,.263,2010
Joe Beimel,COL,1,2,3.40,71,0,0,0,0,1,45.0,46,18,17,5,0,15,21,1.36,.269,2010
Jonny Venters,ATL,6,2,1.84,85,0,0,0,5,9,88.0,53,19,18,2,5,43,96,1.09,.176,2011
Bill Bray,CIN,5,3,2.98,79,0,0,0,0,3,48.1,35,16,16,3,2,17,44,1.08,.202,2011
Craig Kimbrel,ATL,4,3,2.10,79,0,0,0,46,54,77.0,48,19,18,3,1,32,127,1.04,.178,2011
Jose Veras,PIT,2,4,3.80,79,0,0,0,1,8,71.0,54,32,30,6,4,34,79,1.24,.206,2011
Sean Marshall,CHC,6,6,2.26,78,0,0,0,5,9,75.2,66,21,19,1,2,17,79,1.10,.234,2011
Jason Motte,STL,5,2,2.25,78,0,0,0,9,13,68.0,49,22,17,2,5,16,63,0.96,.202,2011
Eric O'Flaherty,ATL,2,4,0.98,78,0,0,0,0,4,73.2,59,9,8,2,3,21,67,1.09,.221,2011
Chad Qualls,SD,6,8,3.51,77,0,0,0,0,5,74.1,73,30,29,7,0,20,43,1.25,.263,2011
Chris Resop,PIT,5,4,4.39,76,0,0,0,1,6,69.2,73,34,34,8,3,30,79,1.48,.269,2011
Mike Adams,TEX,5,4,1.47,75,0,0,0,2,5,73.2,44,13,12,5,0,14,74,0.79,.169,2011
Carlos Marmol,CHC,2,6,4.01,75,0,0,0,34,44,74.0,54,33,33,5,9,48,99,1.38,.205,2011
Nick Masset,CIN,3,6,3.71,75,0,0,0,1,7,70.1,76,30,29,5,1,31,62,1.52,.273,2011
Jeff Samardzija,CHC,8,4,2.97,75,0,0,0,0,2,88.0,64,35,29,5,5,50,87,1.30,.200,2011
Jose Valverde,DET,2,4,2.24,75,0,0,0,49,49,72.1,52,21,18,5,3,34,69,1.19,.198,2011
John Axford,MIL,2,2,1.95,74,0,0,0,46,48,73.2,59,19,16,4,0,25,86,1.14,.212,2011
Matt Belisle,COL,10,4,3.25,74,0,0,0,0,7,72.0,77,33,26,5,4,14,58,1.26,.276,2011
David Hernandez,ARI,5,3,3.38,74,0,0,0,11,14,69.1,49,27,26,4,2,30,77,1.14,.193,2011
Wilton Lopez,HOU,2,6,2.79,73,0,0,0,0,6,71.0,72,26,22,6,3,18,56,1.27,.264,2011
Daniel McCutchen,PIT,5,3,3.72,73,0,0,0,0,0,84.2,87,38,35,7,4,33,47,1.42,.272,2011
Matt Reynolds,COL,1,2,4.09,73,0,0,0,0,2,50.2,48,24,23,10,0,18,50,1.30,.255,2011
Francisco Rodriguez,MIL,6,2,2.64,73,0,0,0,23,29,71.2,67,22,21,4,2,26,79,1.30,.243,2011
Drew Storen,WSH,6,3,2.75,73,0,0,0,43,48,75.1,57,24,23,8,2,20,74,1.02,.204,2011
Tim Byrdak,NYM,2,1,3.82,72,0,0,0,1,4,37.2,34,20,16,3,1,19,47,1.41,.239,2011
Tyler Clippard,WSH,3,0,1.83,72,0,0,0,0,7,88.1,48,18,18,11,0,26,104,0.84,.162,2011
Mike Dunn,FLA,5,6,3.43,72,0,0,0,0,4,63.0,51,28,24,9,2,31,68,1.30,.224,2011
Matt Belisle,COL,3,8,3.71,80,0,0,0,3,10,80.0,91,36,33,5,3,18,69,1.36,.282,2012
Shawn Camp,CHC,3,6,3.59,80,0,0,0,2,6,77.2,79,32,31,7,0,21,54,1.29,.261,2012
Randy Choate,LAD,0,0,3.03,80,0,0,0,1,1,38.2,29,18,13,1,5,18,38,1.22,.206,2012
Boone Logan,NYY,7,2,3.74,80,0,0,0,1,4,55.1,48,23,23,6,2,28,68,1.37,.234,2012
Mitchell Boggs,STL,4,1,2.21,78,0,0,0,0,3,73.1,56,20,18,5,4,21,58,1.05,.211,2012
Jose Mijares,SF,3,2,2.56,78,0,0,0,0,1,56.1,50,18,16,3,4,21,57,1.26,.238,2012
Francisco Rodriguez,MIL,2,7,4.38,78,0,0,0,3,10,72.0,65,37,35,8,0,31,72,1.33,.241,2012
Luke Gregerson,SD,2,0,2.39,77,0,0,0,9,13,71.2,57,19,19,7,3,21,72,1.09,.215,2012
James Russell,CHC,7,1,3.25,77,0,0,0,2,5,69.1,67,28,25,5,1,23,55,1.30,.255,2012
Wesley Wright,HOU,2,2,3.27,77,0,0,0,1,2,52.1,45,20,19,4,6,17,54,1.18,.226,2012
Brad Ziegler,ARI,6,1,2.49,77,0,0,0,0,2,68.2,54,21,19,2,1,21,42,1.09,.228,2012
Chad Durbin,ATL,4,1,3.10,76,0,0,0,1,3,61.0,52,25,21,9,0,28,49,1.31,.231,2012
Kelvin Herrera,KC,4,3,2.35,76,0,0,0,3,4,84.1,79,24,22,4,2,21,77,1.19,.250,2012
Joel Peralta,TB,2,6,3.63,76,0,0,0,2,5,67.0,49,28,27,9,1,17,84,0.99,.200,2012
Fernando Rodney,TB,2,2,0.60,76,0,0,0,48,50,74.2,43,9,5,2,3,15,76,0.78,.167,2012
John Axford,MIL,5,8,4.67,75,0,0,0,35,44,69.1,61,42,36,10,2,39,93,1.44,.229,2012
Grant Balfour,OAK,3,2,2.53,75,0,0,0,24,26,74.2,41,21,21,4,1,28,72,0.92,.160,2012
Rex Brothers,COL,8,2,3.86,75,0,0,0,0,5,67.2,63,33,29,5,1,37,83,1.48,.251,2012
Tyler Clippard,WSH,2,6,3.72,74,0,0,0,32,37,72.2,55,32,30,7,2,29,84,1.16,.204,2012
Brandon League,LAD,2,6,3.13,74,0,0,0,15,21,72.0,65,27,25,1,1,33,54,1.36,.246,2012
Josh Lindblom,PHI,3,5,3.55,74,0,0,0,1,4,71.0,61,31,28,13,4,35,70,1.35,.232,2012
Bobby Parnell,NYM,5,4,2.49,74,0,0,0,7,12,68.2,65,24,19,4,1,20,61,1.24,.249,2012
Matt Thornton,CWS,4,10,3.46,74,0,0,0,3,7,65.0,63,27,25,4,3,17,53,1.23,.257,2012
Heath Bell,ARI,4,5,5.09,73,0,0,0,19,27,63.2,70,38,36,5,2,29,59,1.55,.282,2012
Joaquin Benoit,DET,5,3,3.68,73,0,0,0,2,6,71.0,59,31,29,14,1,22,84,1.14,.228,2012
Joel Peralta,TB,3,8,3.41,80,0,0,0,1,4,71.1,47,31,27,7,0,34,74,1.14,.184,2013
Brad Ziegler,ARI,8,1,2.22,78,0,0,0,13,15,73.0,61,20,18,3,3,22,44,1.14,.228,2013
Cody Allen,CLE,6,1,2.43,77,0,0,0,2,4,70.1,62,22,19,7,1,26,88,1.25,.233,2013
Ronald Belisario,LAD,5,7,3.97,77,0,0,0,1,5,68.0,72,34,30,3,5,28,49,1.47,.274,2013
Matt Lindstrom,CWS,2,4,3.12,76,0,0,0,0,4,60.2,64,23,21,2,1,23,46,1.43,.277,2013
Paco Rodriguez,LAD,3,4,2.32,76,0,0,0,2,5,54.1,30,15,14,5,2,19,63,0.90,.164,2013
Tanner Scheppers,TEX,6,2,1.88,76,0,0,0,1,3,76.2,58,21,16,6,7,24,59,1.07,.214,2013
Luis Avilan,ATL,5,0,1.52,75,0,0,0,0,2,65.0,40,12,11,1,4,22,38,0.95,.175,2013
John Axford,STL,7,7,4.02,75,0,0,0,0,7,65.0,73,32,29,10,2,26,65,1.52,.285,2013
Dane De La Rosa,LAA,6,1,2.86,75,0,0,0,2,5,72.1,56,25,23,3,1,28,65,1.16,.219,2013
Mike Dunn,MIA,3,4,2.66,75,0,0,0,2,5,67.2,53,21,20,5,0,28,72,1.20,.212,2013
Michael Gonzalez,MIL,0,3,4.68,75,0,0,0,0,3,50.0,58,28,26,10,2,25,60,1.66,.283,2013
Kenley Jansen,LAD,4,3,1.88,75,0,0,0,28,32,76.2,48,16,16,6,3,18,111,0.86,.177,2013
Wilton Lopez,COL,3,4,4.06,75,0,0,0,0,5,75.1,88,35,34,6,1,18,48,1.41,.293,2013
Jim Johnson,BAL,3,8,2.94,74,0,0,0,50,59,70.1,72,26,23,5,7,18,56,1.28,.273,2013
Trevor Rosenthal,STL,2,4,2.63,74,0,0,0,3,8,75.1,63,25,22,4,6,20,108,1.10,.223,2013
James Russell,CHC,1,6,3.59,74,0,0,0,0,8,52.2,46,21,21,7,1,18,37,1.22,.238,2013
Brian Duensing,MIN,6,2,3.98,73,0,0,0,1,4,61.0,68,28,27,4,2,22,56,1.48,.283,2013
Casey Fien,MIN,5,2,3.92,73,0,0,0,0,2,62.0,51,28,27,9,0,12,73,1.02,.225,2013
Luke Gregerson,SD,6,8,2.71,73,0,0,0,4,9,66.1,49,24,20,3,4,18,64,1.01,.203,2013
Scott Rice,NYM,4,5,3.71,73,0,0,0,0,2,51.0,42,22,21,1,2,27,41,1.35,.235,2013
Koji Uehara,BOS,4,1,1.09,73,0,0,0,21,24,74.1,33,10,9,5,1,9,101,0.57,.130,2013
Matt Belisle,COL,5,7,4.32,72,0,0,0,0,5,73.0,76,37,35,6,0,15,62,1.25,.269,2013
Rex Brothers,COL,2,1,1.74,72,0,0,0,19,21,67.1,51,16,13,5,0,36,76,1.29,.209,2013
Tyler Clippard,WSH,6,3,2.41,72,0,0,0,0,3,71.0,37,19,19,9,4,24,73,0.86,.152,2013
Bryan Shaw,CLE,5,5,2.59,80,0,0,0,2,9,76.1,61,26,22,6,2,22,64,1.09,.216,2014
Will Smith,MIL,1,3,3.70,78,0,0,0,1,6,65.2,62,31,27,6,3,31,86,1.42,.248,2014
Tony Watson,PIT,10,2,1.63,78,0,0,0,2,9,77.1,64,16,14,5,6,15,81,1.02,.232,2014
Cody Allen,CLE,6,4,2.07,76,0,0,0,24,28,69.2,48,21,16,7,1,26,91,1.06,.194,2014
Jeurys Familia,NYM,2,5,2.21,76,0,0,0,5,10,77.1,59,26,19,3,2,32,73,1.18,.209,2014
Joe Smith,LAA,7,2,1.81,76,0,0,0,15,19,74.2,45,16,15,4,6,15,68,0.80,.172,2014
Tyler Clippard,WSH,7,4,2.18,75,0,0,0,1,7,70.1,47,22,17,5,1,23,82,1.00,.188,2014
Mike Dunn,MIA,10,6,3.16,75,0,0,0,1,4,57.0,47,25,20,4,4,22,67,1.21,.220,2014
Adam Ottavino,COL,1,4,3.60,75,0,0,0,1,6,65.0,67,26,26,6,4,16,70,1.28,.271,2014
Rex Brothers,COL,4,6,5.59,74,0,0,0,0,6,56.1,65,38,35,7,2,39,55,1.85,.288,2014
Zach Duke,MIL,5,1,2.45,74,0,0,0,0,4,58.2,49,19,16,3,0,17,74,1.13,.223,2014
Kevin Jepsen,LAA,0,2,2.63,74,0,0,0,2,4,65.0,45,19,19,4,2,23,75,1.05,.192,2014
Neal Cotts,TEX,2,9,4.32,73,0,0,0,2,9,66.2,66,33,32,6,3,23,63,1.34,.257,2014
Jake Diekman,PHI,5,5,3.80,73,0,0,0,0,4,71.0,66,36,30,4,3,35,100,1.42,.248,2014
Casey Fien,MIN,5,6,3.98,73,0,0,0,1,5,63.1,64,29,28,7,0,10,51,1.17,.262,2014
Justin Grimm,CHC,5,2,3.78,73,0,0,0,0,1,69.0,59,32,29,4,4,27,70,1.25,.230,2014
Seth Maness,STL,6,4,2.91,73,0,0,0,3,3,80.1,77,29,26,7,2,11,55,1.10,.261,2014
Jake McGee,TB,5,2,1.89,73,0,0,0,19,23,71.1,48,15,15,2,2,16,90,0.90,.189,2014
Andrew Miller,BAL,5,5,2.02,73,0,0,0,1,2,62.1,33,16,14,3,5,17,103,0.80,.153,2014
Marc Rzepczynski,CLE,0,3,2.74,73,0,0,0,1,3,46.0,42,19,14,1,3,19,46,1.33,.246,2014
Carlos Torres,NYM,8,6,3.06,73,1,0,0,2,5,97.0,89,35,33,11,2,38,96,1.31,.246,2014
Al Alburquerque,DET,3,1,2.51,72,0,0,0,1,1,57.1,46,16,16,7,3,21,63,1.17,.219,2014
Luke Gregerson,OAK,5,5,2.12,72,0,0,0,3,11,72.1,58,20,17,6,1,15,59,1.01,.220,2014
Mark Melancon,PIT,3,5,1.90,72,0,0,0,33,37,71.0,51,15,15,2,3,11,71,0.87,.195,2014
Dan Otero,OAK,8,2,2.28,72,0,0,0,1,4,86.2,80,24,22,4,2,15,45,1.10,.247,2014
Kevin Siegrist,STL,7,1,2.17,81,0,0,0,6,10,74.2,53,20,18,4,3,34,90,1.17,.198,2015
Mark Melancon,PIT,3,2,2.23,78,0,0,0,51,53,76.2,57,22,19,4,2,14,62,0.93,.207,2015
Javier Lopez,SF,1,0,1.60,77,0,0,0,0,0,39.1,19,8,7,1,0,16,26,0.89,.145,2015
Tony Watson,PIT,4,1,1.91,77,0,0,0,1,3,75.1,55,17,16,3,4,17,62,0.96,.205,2015
Jeurys Familia,NYM,2,2,1.85,76,0,0,0,43,48,78.0,59,16,16,6,2,19,86,1.00,.207,2015
Jared Hughes,PIT,3,1,2.28,76,0,0,0,0,3,67.0,70,21,17,3,7,19,36,1.33,.282,2015
Seth Maness,STL,4,2,4.26,76,0,0,0,3,6,63.1,77,35,30,7,1,13,46,1.42,.307,2015
Will Smith,MIL,7,2,2.70,76,0,0,0,0,4,63.1,52,23,19,5,1,24,91,1.20,.220,2015
Pedro Strop,CHC,2,6,2.91,76,0,0,0,3,5,68.0,39,24,22,5,4,29,81,1.00,.167,2015
Sam Dyson,TEX,5,4,2.63,75,0,0,0,2,4,75.1,65,26,22,4,4,21,71,1.14,.233,2015
Kevin Jepsen,MIN,3,6,2.33,75,0,0,0,15,20,69.2,52,20,18,5,0,27,59,1.13,.206,2015
Dellin Betances,NYY,6,4,1.50,74,0,0,0,9,13,84.0,45,17,14,6,3,40,131,1.01,.157,2015
Bryan Shaw,CLE,3,3,2.95,74,0,0,0,2,6,64.0,59,24,21,8,1,19,54,1.22,.242,2015
Justin Wilson,NYY,5,0,3.10,74,0,0,0,0,2,61.0,49,21,21,3,2,20,66,1.13,.223,2015
Luis Avilan,LAD,2,5,4.05,73,0,0,0,0,3,53.1,48,24,24,6,1,15,49,1.18,.239,2015
Arquimedes Caminero,PIT,5,1,3.62,73,0,0,0,0,1,74.2,63,31,30,7,6,29,73,1.23,.224,2015
George Kontos,SF,4,4,2.33,73,0,0,0,0,2,73.1,57,20,19,9,0,12,44,0.94,.213,2015
Shawn Tolleson,TEX,6,4,2.99,73,0,0,0,35,37,72.1,66,25,24,9,2,17,76,1.15,.239,2015
Mike Dunn,MIA,2,5,4.50,72,0,0,0,0,3,54.0,46,27,27,6,2,29,65,1.39,.227,2015
Luis Garcia,PHI,4,6,3.51,72,0,0,0,2,4,66.2,72,28,26,4,0,37,63,1.64,.275,2015
Kelvin Herrera,KC,4,3,2.71,72,0,0,0,0,7,69.2,52,23,21,5,2,26,64,1.12,.206,2015
Jeremy Jeffress,MIL,5,0,2.65,72,0,0,0,0,4,68.0,64,22,20,5,3,22,67,1.26,.249,2015
Jim Johnson,LAD,2,6,4.46,72,0,0,0,10,17,66.2,77,36,33,5,5,20,50,1.46,.296,2015
Hector Rondon,CHC,6,4,1.67,72,0,0,0,30,34,70.0,55,19,13,4,3,15,69,1.00,.212,2015
Marc Rzepczynski,SD,2,4,5.66,72,0,0,0,0,4,35.0,40,29,22,3,3,14,41,1.54,.292,2015
Brad Hand,SD,4,4,2.92,82,0,0,0,1,7,89.1,63,32,29,8,1,36,111,1.11,.195,2016
Zach Duke,STL,2,1,2.36,81,0,0,0,2,5,61.0,48,16,16,2,4,29,68,1.26,.217,2016
Addison Reed,NYM,4,2,1.97,80,0,0,0,1,5,77.2,60,18,17,4,0,13,91,0.94,.210,2016
Randall Delgado,ARI,5,2,4.44,79,0,0,0,0,3,75.0,77,39,37,8,2,36,68,1.51,.265,2016
Hector Neris,PHI,4,4,2.58,79,0,0,0,2,6,80.1,59,26,23,9,3,30,102,1.11,.202,2016
Jeurys Familia,NYM,3,4,2.55,78,0,0,0,51,56,77.2,63,25,22,1,1,31,84,1.21,.220,2016
Travis Wood,CHC,4,0,2.95,77,0,0,0,0,1,61.0,45,24,20,8,1,24,47,1.13,.199,2016
Seunghwan Oh,STL,6,3,1.92,76,0,0,0,19,23,79.2,55,20,17,5,2,18,103,0.92,.190,2016
Kyle Barraclough,MIA,6,3,2.85,75,0,0,0,0,4,72.2,45,24,23,1,2,44,113,1.22,.176,2016
Joe Blanton,LAD,7,2,2.48,75,0,0,0,0,1,80.0,55,23,22,7,2,26,80,1.01,.194,2016
Mark Melancon,WSH,2,2,1.64,75,0,0,0,47,51,71.1,52,16,13,3,1,12,65,0.90,.204,2016
Fernando Salas,NYM,3,7,3.91,75,0,0,0,6,11,73.2,63,32,32,12,0,19,64,1.11,.232,2016
Bryan Shaw,CLE,2,5,3.24,75,0,0,0,1,4,66.2,56,26,24,8,1,28,69,1.26,.230,2016
Felipe Vazquez,PIT,1,6,4.09,75,0,0,0,1,4,77.0,66,39,35,7,6,33,92,1.29,.231,2016
Pedro Baez,LAD,3,2,3.04,73,0,0,0,0,2,74.0,52,27,25,11,2,22,83,1.00,.195,2016
Dellin Betances,NYY,3,6,3.08,73,0,0,0,12,17,73.0,54,31,25,5,1,28,126,1.12,.201,2016
Jerry Blevins,NYM,4,2,2.79,73,0,0,0,2,3,42.0,36,14,13,4,1,15,52,1.21,.229,2016
Sam Dyson,TEX,3,2,2.43,73,0,0,0,38,43,70.1,63,19,19,5,3,23,55,1.22,.244,2016
Blake Treinen,WSH,4,1,2.28,73,0,0,0,1,3,67.0,51,19,17,5,0,31,63,1.22,.224,2016
Kelvin Herrera,KC,2,6,2.75,72,0,0,0,12,15,72.0,57,23,22,6,3,12,86,0.96,.214,2016
Roberto Osuna,TOR,4,3,2.68,72,0,0,0,36,42,74.0,55,23,22,9,3,14,82,0.93,.206,2016
Ryan Pressly,MIN,6,7,3.70,72,0,0,0,1,6,75.1,79,34,31,8,2,23,67,1.35,.266,2016
Hunter Strickland,SF,3,3,3.10,72,0,0,0,3,8,61.0,50,21,21,4,2,19,57,1.13,.221,2016
Carlos Torres,MIL,3,3,2.73,72,0,0,0,2,5,82.1,65,26,25,8,4,30,78,1.15,.217,2016
Brad Brach,BAL,10,4,2.05,71,0,0,0,2,7,79.0,57,23,18,7,0,25,92,1.04,.201,2016
Peter Moylan,KC,0,0,3.49,79,0,0,0,0,1,59.1,40,26,23,4,5,25,46,1.10,.189,2017
Bryan Shaw,CLE,4,6,3.52,79,0,0,0,3,6,76.2,71,36,30,5,0,22,73,1.21,.247,2017
Dan Jennings,TB,3,1,3.45,77,0,0,0,0,2,62.2,53,27,24,8,1,31,51,1.34,.227,2017
Addison Reed,BOS,2,3,2.84,77,0,0,0,19,21,76.0,65,24,24,11,1,15,76,1.05,.226,2017
Corey Knebel,MIL,1,4,1.78,76,0,0,0,39,45,76.0,48,15,15,6,2,40,126,1.16,.180,2017
Juan Nicasio,STL,5,5,2.61,76,0,0,0,6,10,72.1,58,22,21,5,2,20,72,1.08,.217,2017
Jerry Blevins,NYM,6,0,2.94,75,0,0,0,1,8,49.0,43,16,16,4,4,24,69,1.37,.229,2017
Matt Bowman,STL,3,6,3.99,75,0,0,0,2,5,58.2,52,29,26,4,5,18,46,1.19,.239,2017
Hector Neris,PHI,4,5,3.01,74,0,0,0,26,29,74.2,68,26,25,9,6,26,86,1.26,.239,2017
Jacob Barnes,MIL,3,4,4.00,73,0,0,0,2,7,72.0,57,35,32,8,3,33,80,1.25,.215,2017
Brett Cecil,STL,2,4,3.88,73,0,0,0,1,7,67.1,67,31,29,7,0,16,66,1.23,.262,2017
Carl Edwards,CHC,5,4,2.98,73,0,0,0,0,4,66.1,29,22,22,6,4,38,94,1.01,.134,2017
Ryan Tepera,TOR,7,1,3.59,73,0,0,0,2,4,77.2,57,35,31,7,8,31,81,1.13,.205,2017
Felipe Vazquez,PIT,5,3,1.67,73,0,0,0,21,23,75.1,47,19,14,4,4,20,88,0.89,.171,2017
Danny Coulombe,OAK,2,2,3.48,72,0,0,0,0,1,51.2,46,22,20,4,4,22,39,1.32,.240,2017
Brad Hand,SD,3,4,2.16,72,0,0,0,21,26,79.1,54,20,19,9,7,20,104,0.93,.191,2017
Brandon Kintzler,WSH,4,3,3.03,72,0,0,0,29,35,71.1,66,25,24,5,3,16,39,1.15,.248,2017
Blake Treinen,OAK,3,6,3.93,72,0,0,0,16,21,75.2,80,35,33,6,5,25,74,1.39,.274,2017
Blake Wood,LAA,3,4,5.45,72,0,0,0,0,1,74.1,84,49,45,8,1,33,84,1.57,.286,2017
Ryan Buchter,KC,4,3,2.89,71,0,0,0,1,3,65.1,44,25,21,10,4,26,65,1.07,.187,2017
Andrew Chafin,ARI,1,0,3.51,71,0,0,0,0,0,51.1,48,21,20,5,2,21,61,1.34,.246,2017
Shane Greene,DET,4,3,2.66,71,0,0,0,9,13,67.2,50,21,20,6,4,34,73,1.24,.205,2017
Daniel Hudson,PIT,2,7,4.38,71,0,0,0,0,2,61.2,57,34,30,7,5,33,66,1.46,.248,2017
Pat Neshek,COL,5,3,1.59,71,0,0,0,1,5,62.1,48,13,11,3,0,6,69,0.87,.212,2017
Blake Parker,LAA,3,3,2.54,71,0,0,0,8,11,67.1,40,20,19,7,1,16,86,0.83,.172,2017
Brad Ziegler,ARI,2,6,3.91,82,0,0,0,10,12,73.2,71,34,32,8,2,25,50,1.30,.257,2018
Steve Cishek,CHC,4,3,2.18,80,0,0,0,4,7,70.1,45,19,17,5,9,28,78,1.04,.181,2018
Andrew Chafin,ARI,1,6,3.10,77,0,0,0,0,0,49.1,41,18,17,0,2,25,53,1.34,.227,2018
Ryan Pressly,HOU,2,1,2.54,77,0,0,0,2,8,71.0,57,21,20,6,3,22,101,1.11,.216,2018
Jose Alvarez,LAA,6,4,2.71,76,0,0,0,1,4,63.0,51,20,19,3,2,22,59,1.16,.217,2018
Archie Bradley,ARI,4,5,3.64,76,0,0,0,3,11,71.2,62,30,29,9,4,20,75,1.14,.229,2018
Yoshihisa Hirano,ARI,4,3,2.44,75,0,0,0,3,7,66.1,49,22,18,6,2,23,59,1.09,.209,2018
Adam Ottavino,COL,6,4,2.43,75,0,0,0,6,11,77.2,41,25,21,5,6,36,112,0.99,.158,2018
Sam Dyson,SF,4,3,2.69,74,0,0,0,3,8,70.1,56,23,21,5,3,20,56,1.08,.228,2018
Yusmeiro Petit,OAK,7,3,3.00,74,0,0,0,0,2,93.0,76,32,31,13,0,18,76,1.01,.221,2018
Scott Alexander,LAD,2,1,3.68,73,1,0,0,3,6,66.0,57,28,27,4,2,27,56,1.27,.239,2018
Tyler Clippard,TOR,4,3,3.67,73,1,0,0,7,13,68.2,57,29,28,13,2,23,85,1.17,.223,2018
Edwin Diaz,SEA,0,4,1.96,73,0,0,0,57,61,73.1,41,17,16,5,6,17,124,0.79,.160,2018
Jordan Hicks,STL,3,4,3.59,73,0,0,0,6,13,77.2,59,33,31,2,8,45,70,1.34,.208,2018
Trevor Hildenberger,MIN,4,6,5.42,73,0,0,0,7,11,73.0,75,46,44,12,2,26,70,1.38,.263,2018
Jeremy Jeffress,MIL,8,1,1.29,73,0,0,0,15,20,76.2,49,12,11,5,1,27,89,0.99,.182,2018
Joe Kelly,BOS,4,2,4.39,73,0,0,0,2,7,65.2,57,34,32,4,5,32,68,1.36,.234,2018
Seunghwan Oh,COL,6,3,2.63,73,0,0,0,3,9,68.1,52,21,20,8,4,17,79,1.01,.209,2018
Sergio Romo,TB,3,4,4.14,73,5,0,0,25,33,67.1,65,31,31,11,2,20,75,1.26,.253,2018
Craig Stammen,SD,8,3,2.73,73,0,0,0,0,5,79.0,65,25,24,3,3,17,88,1.04,.221,2018
Zach Duke,SEA,5,5,4.15,72,0,0,0,0,3,52.0,57,28,24,1,6,21,51,1.50,.271,2018
Jared Hughes,CIN,4,3,1.94,72,0,0,0,7,11,78.2,57,17,17,4,2,23,59,1.02,.212,2018
Dan Jennings,MIL,4,5,3.22,72,1,0,0,1,3,64.1,66,27,23,6,1,23,45,1.38,.275,2018
Taylor Rogers,MIN,1,2,2.63,72,0,0,0,2,4,68.1,49,20,20,3,2,16,75,0.95,.206,2018
Tony Watson,SF,4,6,2.59,72,0,0,0,0,4,66.0,54,19,19,4,1,14,72,1.03,.224,2018
Alex Claudio,MIL,2,2,4.06,83,0,0,0,0,3,62.0,57,29,28,8,6,24,44,1.31,.246,2019
Adam Kolarek,LAD,6,3,3.27,80,0,0,0,1,1,55.0,48,22,20,7,3,16,45,1.16,.229,2019
Yusmeiro Petit,OAK,5,3,2.71,80,0,0,0,0,2,83.0,57,25,25,11,0,10,71,0.81,.194,2019
Wander Suero,WSH,6,9,4.54,78,0,0,0,1,7,71.1,64,36,36,5,3,26,81,1.26,.242,2019
Andrew Chafin,ARI,2,2,3.76,77,0,0,0,0,4,52.2,52,23,22,6,2,18,68,1.33,.257,2019
Jake Diekman,OAK,1,7,4.65,76,0,0,0,0,2,62.0,49,34,32,3,11,39,84,1.42,.215,2019
Craig Stammen,SD,8,7,3.29,76,0,0,0,4,13,82.0,80,36,30,13,2,15,73,1.16,.251,2019
Liam Hendriks,OAK,4,4,1.80,75,2,0,0,25,32,85.0,61,18,17,5,2,21,124,0.96,.201,2019
Buck Farmer,DET,6,6,3.72,73,1,0,0,0,3,67.2,62,32,28,8,5,24,73,1.27,.247,2019
Michael Lorenzen,CIN,1,4,2.92,73,0,0,0,7,11,83.1,68,29,27,9,2,28,85,1.15,.221,2019
Andrew Miller,STL,5,6,4.45,73,0,0,0,6,11,54.2,45,32,27,11,8,27,70,1.32,.225,2019
Adam Ottavino,NYY,6,5,1.90,73,0,0,0,2,9,66.1,47,17,14,5,2,40,88,1.31,.198,2019
Kyle Ryan,CHC,4,2,3.54,73,0,0,0,0,2,61.0,55,26,24,5,1,29,58,1.38,.243,2019
Brandon Workman,BOS,10,1,1.88,73,0,0,0,16,22,71.2,29,18,15,1,2,45,104,1.03,.123,2019
Ty Buttrey,LAA,6,7,3.98,72,0,0,0,2,6,72.1,69,34,32,8,5,23,84,1.27,.247,2019
Junior Guerra,MIL,9,5,3.55,72,0,0,0,3,11,83.2,58,35,33,11,4,36,77,1.12,.194,2019
Jared Hughes,PHI,5,5,4.04,72,0,0,0,1,4,71.1,57,37,32,13,2,27,54,1.18,.224,2019
Tommy Kahnle,NYY,3,2,3.67,72,0,0,0,0,5,61.1,45,27,25,9,2,20,88,1.06,.200,2019
Richard Rodriguez,PIT,4,5,3.72,72,0,0,0,1,5,65.1,65,30,27,14,2,23,63,1.35,.252,2019
Pedro Baez,LAD,7,2,3.10,71,0,0,0,1,7,69.2,43,30,24,6,4,23,69,0.95,.174,2019
Carlos Estevez,COL,2,2,3.75,71,0,0,0,0,2,72.0,70,34,30,12,1,23,81,1.29,.250,2019
Hansel Robles,LAA,5,1,2.48,71,1,0,0,23,27,72.2,58,20,20,6,0,16,75,1.02,.221,2019
Chaz Roe,TB,1,3,4.06,71,0,0,0,1,6,51.0,49,27,23,3,1,31,65,1.57,.251,2019
Joakim Soria,OAK,2,4,4.30,71,1,0,0,1,6,69.0,51,33,33,9,3,20,79,1.03,.202,2019
Matt Barnes,BOS,5,4,3.78,70,0,0,0,4,12,64.1,51,29,27,8,2,38,110,1.38,.210,2019
